{
  "lexicon": 1,
  "id": "blue.flashes.actor.portfolio",
  "defs": {
    "main": {
      "type": "record",
      "key": "tid",
      "record": {
        "type": "object",
        "required": ["subject", "createdAt", "sortOrder"],
        "properties": {
          "subject": {
            "type": "ref",
            "ref": "com.atproto.repo.strongRef"
          },
          "sortOrder": {
            "type": "integer",
            "minimum": 0
          },
          "createdAt": {
            "type": "string",
            "format": "datetime"
          }
        }
      }
    }
  }
}
