{
  "lexicon": 1,
  "id": "blue.flashes.actor.profile",
  "defs": {
    "main": {
      "type": "record",
      "key": "literal:self",
      "record": {
        "type": "object",
        "required": ["createdAt"],
        "properties": {
          "showFeeds": { "type": "boolean", "default": true },
          "showLikes": { "type": "boolean", "default": false },
          "showLists": { "type": "boolean", "default": false },
          "showMedia": { "type": "boolean", "default": true },
          "enablePortfolio": { "type": "boolean", "default": true },
          "allowRawDownload": { "type": "boolean", "default": false },
          "portfolioLayout": { 
            "type": "string",
            "knownValues": ["grid", "list"],
            "default": "grid"
          },
          "createdAt": {
            "type": "string",
            "format": "datetime"
          }
        }
      }
    }
  }
}
